id	uri	label
186	http://dbpedia.org/resource/Cama_Adentro	good
1816	http://dbpedia.org/resource/Bad_Boys_II	bad
129	http://dbpedia.org/resource/Waking_Life	good
628	http://dbpedia.org/resource/Telling_Lies_in_America	good
1345	http://dbpedia.org/resource/The_Ugly_Truth	bad
1098	http://dbpedia.org/resource/Otto;_or_Up_with_Dead_People	bad
1289	http://dbpedia.org/resource/White_Noise_(film)	bad
219	http://dbpedia.org/resource/The_Taste_of_Tea	good
242	http://dbpedia.org/resource/Menace_II_Society	good
244	http://dbpedia.org/resource/Roman_Holiday	good
1340	http://dbpedia.org/resource/Passion_of_Mind	bad
1700	http://dbpedia.org/resource/The_Buffalo_Boy	good
1427	http://dbpedia.org/resource/One_Man's_Hero	bad
1782	http://dbpedia.org/resource/Home_Alone	good
239	http://dbpedia.org/resource/Margin_Call_(film)	good
411	http://dbpedia.org/resource/October_Sky	good
292	http://dbpedia.org/resource/Flushed_Away	good
1080	http://dbpedia.org/resource/Dead_or_Alive:_Final	bad
122	http://dbpedia.org/resource/Once_Upon_a_Time_in_Anatolia	good
1674	http://dbpedia.org/resource/An_Unreasonable_Man	good
568	http://dbpedia.org/resource/Jackass_Number_Two	good
191	http://dbpedia.org/resource/Midnight_Run	good
1353	http://dbpedia.org/resource/Delgo_(film)	bad
683	http://dbpedia.org/resource/Don_Juan_DeMarco	good
92	http://dbpedia.org/resource/In_the_Shadow_of_the_Moon_(film)	good
406	http://dbpedia.org/resource/Mulan_(1998_film)	good
716	http://dbpedia.org/resource/Waydowntown	good
65	http://dbpedia.org/resource/Flight_of_the_Red_Balloon	good
1670	http://dbpedia.org/resource/Night_Across_the_Street	good
298	http://dbpedia.org/resource/In_the_Line_of_Fire	good
1325	http://dbpedia.org/resource/Blood:_The_Last_Vampire_(2009_film)	bad
1836	http://dbpedia.org/resource/Showboy	bad
1454	http://dbpedia.org/resource/The_Celestine_Prophecy_(film)	bad
1108	http://dbpedia.org/resource/The_Waiting_Game_(film)	bad
41	http://dbpedia.org/resource/Topsy-Turvy	good
1074	http://dbpedia.org/resource/Basic_(film)	bad
1504	http://dbpedia.org/resource/Good_Luck_Chuck	bad
384	http://dbpedia.org/resource/The_Double_Hour	good
727	http://dbpedia.org/resource/Five_Minutes_of_Heaven	good
760	http://dbpedia.org/resource/The_Roost	good
1963	http://dbpedia.org/resource/The_Boondock_Saints_II:_All_Saints_Day	bad
177	http://dbpedia.org/resource/Two_Family_House	good
872	http://dbpedia.org/resource/Just_Visiting_(film)	bad
548	http://dbpedia.org/resource/Life_and_Debt	good
1119	http://dbpedia.org/resource/Bedtime_Stories_(film)	bad
426	http://dbpedia.org/resource/The_Boys_of_Baraka	good
1829	http://dbpedia.org/resource/Fools_Rush_In_(1997_film)	bad
777	http://dbpedia.org/resource/Giuliani_Time	good
1823	http://dbpedia.org/resource/The_Other_Side_of_Heaven	bad
1618	http://dbpedia.org/resource/Chicken_Run	good
957	http://dbpedia.org/resource/You_Got_Served	bad
1976	http://dbpedia.org/resource/Saw_V	bad
700	http://dbpedia.org/resource/Sex_Is_Comedy	good
1126	http://dbpedia.org/resource/Dear_Wendy	bad
1903	http://dbpedia.org/resource/Life_or_Something_Like_It	bad
1973	http://dbpedia.org/resource/Ice_from_the_Sun	bad
689	http://dbpedia.org/resource/King_of_California	good
1594	http://dbpedia.org/resource/Teen_Wolf_Too	bad
782	http://dbpedia.org/resource/Ladies_in_Lavender	good
1496	http://dbpedia.org/resource/Spinning_into_Butter_(film)	bad
314	http://dbpedia.org/resource/The_Keys_to_the_House	good
774	http://dbpedia.org/resource/Drawing_Restraint_9	good
682	http://dbpedia.org/resource/Cachorro	good
964	http://dbpedia.org/resource/Big_Fat_Liar	bad
151	http://dbpedia.org/resource/Encounters_at_the_End_of_the_World	good
671	http://dbpedia.org/resource/The_Hedgehog	good
1494	http://dbpedia.org/resource/Someday_This_Pain_Will_Be_Useful_to_You_(film)	bad
413	http://dbpedia.org/resource/Paradise_Now	good
161	http://dbpedia.org/resource/The_Wild_Parrots_of_Telegraph_Hill	good
1971	http://dbpedia.org/resource/The_Tiger_and_the_Snow	bad
158	http://dbpedia.org/resource/Saraband	good
1644	http://dbpedia.org/resource/Wild_Reeds	good
669	http://dbpedia.org/resource/Star_Trek:_Insurrection	good
408	http://dbpedia.org/resource/Neo_Ned	good
487	http://dbpedia.org/resource/The_Dangerous_Lives_of_Altar_Boys	good
1072	http://dbpedia.org/resource/21_&_Over_(film)	bad
262	http://dbpedia.org/resource/Beauty_in_Trouble	good
144	http://dbpedia.org/resource/Midnight_in_Paris	good
1424	http://dbpedia.org/resource/Juwanna_Mann	bad
1456	http://dbpedia.org/resource/Big_Mommas:_Like_Father,_Like_Son	bad
613	http://dbpedia.org/resource/If_a_Tree_Falls:_A_Story_of_the_Earth_Liberation_Front	good
252	http://dbpedia.org/resource/The_Last_Days_of_Disco	good
1352	http://dbpedia.org/resource/Dead_Man_on_Campus	bad
163	http://dbpedia.org/resource/Tokyo_Sonata	good
1761	http://dbpedia.org/resource/The_Great_Debaters	good
136	http://dbpedia.org/resource/Black_Orpheus	good
259	http://dbpedia.org/resource/An_Inconvenient_Truth	good
1917	http://dbpedia.org/resource/How_High	bad
916	http://dbpedia.org/resource/Evan_Almighty	bad
302	http://dbpedia.org/resource/Kundun	good
203	http://dbpedia.org/resource/The_Saddest_Music_in_the_World	good
793	http://dbpedia.org/resource/The_Machinist	good
1378	http://dbpedia.org/resource/Boxing_Helena	bad
375	http://dbpedia.org/resource/Road_to_Perdition	good
1667	http://dbpedia.org/resource/The_House_I_Live_In_(2012_film)	good
574	http://dbpedia.org/resource/Pitch_Perfect	good
570	http://dbpedia.org/resource/Me_You_Them	good
649	http://dbpedia.org/resource/Film_Socialisme	good
29	http://dbpedia.org/resource/The_Triplets_of_Belleville	good
1121	http://dbpedia.org/resource/Cat_Run	bad
322	http://dbpedia.org/resource/Blood_Tea_and_Red_String	good
1744	http://dbpedia.org/resource/Rudo_y_Cursi	good
618	http://dbpedia.org/resource/Mississippi_Burning	good
1498	http://dbpedia.org/resource/Whatever_It_Takes_(2000_film)	bad
492	http://dbpedia.org/resource/Warm_Water_Under_a_Red_Bridge	good
1034	http://dbpedia.org/resource/How_to_Lose_Friends_&_Alienate_People_(film)	bad
1579	http://dbpedia.org/resource/The_Adventures_of_Pluto_Nash	bad
280	http://dbpedia.org/resource/The_Purple_Rose_of_Cairo	good
1077	http://dbpedia.org/resource/Copperhead_(2013_film)	bad
1465	http://dbpedia.org/resource/Running_Free_(film)	bad
1517	http://dbpedia.org/resource/Cupid's_Mistake	bad
1863	http://dbpedia.org/resource/Eichmann_(film)	bad
1615	http://dbpedia.org/resource/Raiders_of_the_Lost_Ark	good
441	http://dbpedia.org/resource/Die_Hard	good
590	http://dbpedia.org/resource/Unmade_Beds	good
1880	http://dbpedia.org/resource/The_Happening_(2008_film)	bad
1718	http://dbpedia.org/resource/Pieces_of_April	good
180	http://dbpedia.org/resource/Whale_Rider	good
1846	http://dbpedia.org/resource/Human_Error_(film)	bad
702	http://dbpedia.org/resource/The_Great_Buck_Howard	good
1938	http://dbpedia.org/resource/Zen_Noir	bad
289	http://dbpedia.org/resource/Awakenings	good
1590	http://dbpedia.org/resource/Bucky_Larson:_Born_to_Be_a_Star	bad
1658	http://dbpedia.org/resource/Caesar_Must_Die	good
1384	http://dbpedia.org/resource/Little_Man_(2006_film)	bad
20	http://dbpedia.org/resource/The_Lord_of_the_Rings:_The_Fellowship_of_the_Ring	good
44	http://dbpedia.org/resource/Investigation_of_a_Citizen_Above_Suspicion	good
555	http://dbpedia.org/resource/Ruby_Sparks	good
984	http://dbpedia.org/resource/Little_Black_Book	bad
1759	http://dbpedia.org/resource/Jimmy_Neutron:_Boy_Genius	good
886	http://dbpedia.org/resource/Rugrats_Go_Wild	bad
599	http://dbpedia.org/resource/Clerks_II	good
1631	http://dbpedia.org/resource/The_Magdalene_Sisters	good
1637	http://dbpedia.org/resource/The_Filth_and_the_Fury	good
1019	http://dbpedia.org/resource/Bollywood/Hollywood	bad
31	http://dbpedia.org/resource/Almost_Famous	good
1215	http://dbpedia.org/resource/The_Undefeated_(2011_film)	bad
740	http://dbpedia.org/resource/Rugrats_in_Paris:_The_Movie	good
1416	http://dbpedia.org/resource/Venom_(2005_film)	bad
1294	http://dbpedia.org/resource/Domestic_Disturbance	bad
1343	http://dbpedia.org/resource/The_Divide_(film)	bad
840	http://dbpedia.org/resource/Snowmen_(film)	bad
1030	http://dbpedia.org/resource/Ghost_Rider_(2007_film)	bad
881	http://dbpedia.org/resource/Ong_Bak_3	bad
1250	http://dbpedia.org/resource/The_Honeymooners_(film)	bad
133	http://dbpedia.org/resource/A_Simple_Life	good
1276	http://dbpedia.org/resource/Saw_VI	bad
348	http://dbpedia.org/resource/The_Proposition	good
825	http://dbpedia.org/resource/Irene_in_Time	bad
1872	http://dbpedia.org/resource/Just_One_Time_(film)	bad
616	http://dbpedia.org/resource/Indiana_Jones_and_the_Last_Crusade	good
1194	http://dbpedia.org/resource/Masked_and_Anonymous	bad
991	http://dbpedia.org/resource/Righteous_Kill	bad
1281	http://dbpedia.org/resource/The_Final_Destination	bad
369	http://dbpedia.org/resource/Kissing_Jessica_Stein	good
802	http://dbpedia.org/resource/Adventures_of_Power	bad
748	http://dbpedia.org/resource/The_Five-Year_Engagement	good
453	http://dbpedia.org/resource/The_Blossoming_of_Maximo_Oliveros	good
1467	http://dbpedia.org/resource/Shark_Night	bad
1552	http://dbpedia.org/resource/The_Darkest_Hour_(film)	bad
157	http://dbpedia.org/resource/Riding_Giants	good
529	http://dbpedia.org/resource/A_League_of_Their_Own	good
1736	http://dbpedia.org/resource/Why_We_Fight	good
945	http://dbpedia.org/resource/The_Living_Wake	bad
103	http://dbpedia.org/resource/Up_the_Yangtze	good
190	http://dbpedia.org/resource/Lost_Boys_of_Sudan_(film)	good
597	http://dbpedia.org/resource/Animal_Factory	good
759	http://dbpedia.org/resource/The_Nutty_Professor	good
40	http://dbpedia.org/resource/The_Truman_Show	good
607	http://dbpedia.org/resource/Favela_Rising	good
550	http://dbpedia.org/resource/Nowhere_Boy	good
943	http://dbpedia.org/resource/The_Last_Legion	bad
1550	http://dbpedia.org/resource/Showgirls	bad
1336	http://dbpedia.org/resource/I_Am_Sam	bad
831	http://dbpedia.org/resource/Message_in_a_Bottle_(film)	bad
1642	http://dbpedia.org/resource/Room_237	good
971	http://dbpedia.org/resource/Conan_the_Barbarian_(2011_film)	bad
1678	http://dbpedia.org/resource/Kitchen_Stories	good
891	http://dbpedia.org/resource/The_Jungle_Book_2	bad
334	http://dbpedia.org/resource/Millennium_Mambo	good
1183	http://dbpedia.org/resource/Crime_and_Punishment_in_Suburbia	bad
745	http://dbpedia.org/resource/The_Breakfast_Club	good
1852	http://dbpedia.org/resource/Rambo_III	bad
936	http://dbpedia.org/resource/Suspect_Zero	bad
559	http://dbpedia.org/resource/Beautiful_Boxer	good
657	http://dbpedia.org/resource/Living_Out_Loud	good
584	http://dbpedia.org/resource/The_Way_Back	good
1790	http://dbpedia.org/resource/The_Human_Resources_Manager	good
561	http://dbpedia.org/resource/Behind_the_Mask:_The_Rise_of_Leslie_Vernon	good
278	http://dbpedia.org/resource/The_Holy_Girl	good
1920	http://dbpedia.org/resource/Eating_Out	bad
1610	http://dbpedia.org/resource/A_Prophet	good
1477	http://dbpedia.org/resource/Cabin_Boy	bad
1394	http://dbpedia.org/resource/A_Cinderella_Story	bad
571	http://dbpedia.org/resource/Mean_Girls	good
645	http://dbpedia.org/resource/Dolphin_Tale	good
602	http://dbpedia.org/resource/Dan_in_Real_Life	good
407	http://dbpedia.org/resource/My_Brother_Is_an_Only_Child	good
870	http://dbpedia.org/resource/Gothika	bad
368	http://dbpedia.org/resource/Kiss_Kiss_Bang_Bang	good
1188	http://dbpedia.org/resource/Godzilla_(1998_film)	bad
1118	http://dbpedia.org/resource/Awake_(film)	bad
662	http://dbpedia.org/resource/Napoleon_Dynamite	good
1458	http://dbpedia.org/resource/Christmas_with_the_Kranks	bad
1070	http://dbpedia.org/resource/10,000_BC_(film)	bad
722	http://dbpedia.org/resource/All_the_Right_Moves_(film)	good
54	http://dbpedia.org/resource/Howards_End_(film)	good
712	http://dbpedia.org/resource/True_Lies	good
1521	http://dbpedia.org/resource/Serving_Sara	bad
73	http://dbpedia.org/resource/The_Departed	good
1213	http://dbpedia.org/resource/The_Santa_Clause_3:_The_Escape_Clause	bad
1799	http://dbpedia.org/resource/Word_Wars	good
605	http://dbpedia.org/resource/Dzi_Croquettes	good
432	http://dbpedia.org/resource/Time_of_the_Wolf	good
578	http://dbpedia.org/resource/Small_Town_Murder_Songs	good
267	http://dbpedia.org/resource/Love_Exposure	good
811	http://dbpedia.org/resource/Camera_Obscura_(film)	bad
396	http://dbpedia.org/resource/Donnie_Darko	good
1564	http://dbpedia.org/resource/From_Justin_to_Kelly	bad
783	http://dbpedia.org/resource/Le_Pont_du_Nord	good
1381	http://dbpedia.org/resource/Everybody_Wants_to_Be_Italian	bad
142	http://dbpedia.org/resource/Hot_Fuzz	good
1848	http://dbpedia.org/resource/Kedma_(film)	bad
1099	http://dbpedia.org/resource/Snow_Day_(film)	bad
10	http://dbpedia.org/resource/Zero_Dark_Thirty	good
1506	http://dbpedia.org/resource/Halloween:_Resurrection	bad
587	http://dbpedia.org/resource/Tupac:_Resurrection	good
1542	http://dbpedia.org/resource/Beverly_Hills_Cop_III	bad
636	http://dbpedia.org/resource/The_Salt_of_Life	good
1530	http://dbpedia.org/resource/All_About_Steve	bad
709	http://dbpedia.org/resource/The_Upside_of_Anger	good
86	http://dbpedia.org/resource/The_Iron_Giant	good
1403	http://dbpedia.org/resource/R.I.P.D.	bad
1502	http://dbpedia.org/resource/Bitch_Slap	bad
742	http://dbpedia.org/resource/Supporting_Characters	good
610	http://dbpedia.org/resource/GoldenEye	good
614	http://dbpedia.org/resource/In_a_Better_World	good
1893	http://dbpedia.org/resource/The_Wedding_Date	bad
80	http://dbpedia.org/resource/Festival_Express	good
989	http://dbpedia.org/resource/Push_(2009_film)	bad
660	http://dbpedia.org/resource/Lymelife	good
644	http://dbpedia.org/resource/Arctic_Tale	good
475	http://dbpedia.org/resource/Horns_and_Halos_(film)	good
1451	http://dbpedia.org/resource/Poor_White_Trash	bad
1097	http://dbpedia.org/resource/Ninja_Assassin	bad
639	http://dbpedia.org/resource/The_Vicious_Kind	good
1327	http://dbpedia.org/resource/Cool_World	bad
1372	http://dbpedia.org/resource/View_from_the_Top	bad
634	http://dbpedia.org/resource/The_Matador	good
1243	http://dbpedia.org/resource/Pootie_Tang	bad
1507	http://dbpedia.org/resource/Old_Dogs_(film)	bad
499	http://dbpedia.org/resource/August_Evening	good
1463	http://dbpedia.org/resource/Passion_Play_(film)	bad
35	http://dbpedia.org/resource/Gosford_Park	good
1452	http://dbpedia.org/resource/Ready_to_Rumble	bad
583	http://dbpedia.org/resource/The_SpongeBob_SquarePants_Movie	good
1300	http://dbpedia.org/resource/Just_My_Luck_(2006_film)	bad
271	http://dbpedia.org/resource/Shrek_2	good
473	http://dbpedia.org/resource/Fear(s)_of_the_Dark	good
1200	http://dbpedia.org/resource/Play_It_to_the_Bone	bad
1766	http://dbpedia.org/resource/Idiocracy	good
862	http://dbpedia.org/resource/Crossing_Over_(film)	bad
930	http://dbpedia.org/resource/P2_(film)	bad
686	http://dbpedia.org/resource/He_Got_Game	good
609	http://dbpedia.org/resource/Get_Him_to_the_Greek	good
256	http://dbpedia.org/resource/The_Secret_Lives_of_Dentists	good
1485	http://dbpedia.org/resource/Say_It_Isn't_So_(film)	bad
288	http://dbpedia.org/resource/After_Innocence	good
1420	http://dbpedia.org/resource/Bride_Wars	bad
1527	http://dbpedia.org/resource/Ultraviolet_(film)	bad
1798	http://dbpedia.org/resource/Wah-Wah_(film)	good
363	http://dbpedia.org/resource/Good_Hair	good
83	http://dbpedia.org/resource/Out_of_Sight	good
1363	http://dbpedia.org/resource/Stranded_(2013_film)	bad
330	http://dbpedia.org/resource/High_Art	good
179	http://dbpedia.org/resource/War_Photographer	good
1027	http://dbpedia.org/resource/Flashdance	bad
1651	http://dbpedia.org/resource/Full_Metal_Jacket	good
1438	http://dbpedia.org/resource/Universal_Soldier:_The_Return	bad
511	http://dbpedia.org/resource/Requiem_for_a_Dream	good
254	http://dbpedia.org/resource/The_Loneliest_Planet	good
332	http://dbpedia.org/resource/Japanese_Story	good
1714	http://dbpedia.org/resource/East_of_Havana	good
1405	http://dbpedia.org/resource/Smiley_(2012_film)	bad
1409	http://dbpedia.org/resource/Teen_Wolf	bad
1539	http://dbpedia.org/resource/See_No_Evil_(2006_film)	bad
199	http://dbpedia.org/resource/The_Dark_Knight_Rises	good
1440	http://dbpedia.org/resource/Another_48_Hrs.	bad
512	http://dbpedia.org/resource/Rise_of_the_Planet_of_the_Apes	good
1646	http://dbpedia.org/resource/Terms_of_Endearment	good
1255	http://dbpedia.org/resource/Your_Highness	bad
1850	http://dbpedia.org/resource/Parental_Guidance_(film)	bad
798	http://dbpedia.org/resource/Welcome_to_Collinwood	good
1908	http://dbpedia.org/resource/Gods_and_Generals_(film)	bad
631	http://dbpedia.org/resource/The_Disappearance_of_Alice_Creed	good
193	http://dbpedia.org/resource/My_Joy	good
399	http://dbpedia.org/resource/Everyone_Else	good
604	http://dbpedia.org/resource/Dirty_Dancing	good
1877	http://dbpedia.org/resource/Spawn_(film)	bad
508	http://dbpedia.org/resource/Henry_Fool	good
573	http://dbpedia.org/resource/One_Hundred_Mornings	good
1921	http://dbpedia.org/resource/Fireproof_(film)	bad
1136	http://dbpedia.org/resource/Lara_Croft:_Tomb_Raider	bad
1891	http://dbpedia.org/resource/Price_of_Glory	bad
990	http://dbpedia.org/resource/Returner	bad
149	http://dbpedia.org/resource/Big_Night	good
536	http://dbpedia.org/resource/Confessions_of_a_Dangerous_Mind	good
15	http://dbpedia.org/resource/Days_of_Heaven	good
1124	http://dbpedia.org/resource/Code_Name:_The_Cleaner	bad
1947	http://dbpedia.org/resource/Dragonfly_(2002_film)	bad
75	http://dbpedia.org/resource/The_Straight_Story	good
1972	http://dbpedia.org/resource/Bigger_Than_the_Sky	bad
1212	http://dbpedia.org/resource/The_Perfect_Holiday	bad
430	http://dbpedia.org/resource/The_Opportunists	good
594	http://dbpedia.org/resource/Wish_Me_Away	good
1928	http://dbpedia.org/resource/Third_World_Cop	bad
1154	http://dbpedia.org/resource/Sunset_Strip_(film)	bad
1225	http://dbpedia.org/resource/Dylan_Dog:_Dead_of_Night	bad
837	http://dbpedia.org/resource/Resident_Evil:_Retribution	bad
1209	http://dbpedia.org/resource/The_Ex_(2006_film)	bad
1672	http://dbpedia.org/resource/Syriana	good
966	http://dbpedia.org/resource/Body_Shots_(film)	bad
1141	http://dbpedia.org/resource/Mindhunters	bad
109	http://dbpedia.org/resource/The_Apostle	good
1612	http://dbpedia.org/resource/Capturing_the_Friedmans	good
295	http://dbpedia.org/resource/Gods_and_Monsters_(film)	good
1186	http://dbpedia.org/resource/G.I._Joe:_The_Rise_of_Cobra	bad
114	http://dbpedia.org/resource/Trouble_the_Water	good
1173	http://dbpedia.org/resource/A_Hole_in_My_Heart	bad
640	http://dbpedia.org/resource/When_We_Leave	good
1687	http://dbpedia.org/resource/Last_Life_in_the_Universe	good
979	http://dbpedia.org/resource/Ex_Drummer	bad
1368	http://dbpedia.org/resource/The_Musketeer	bad
1026	http://dbpedia.org/resource/Flakes_(film)	bad
1666	http://dbpedia.org/resource/The_Graduate	good
1288	http://dbpedia.org/resource/Where_the_Heart_Is_(2000_film)	bad
972	http://dbpedia.org/resource/Cradle_2_the_Grave	bad
1501	http://dbpedia.org/resource/Ballistic:_Ecks_vs._Sever	bad
1313	http://dbpedia.org/resource/The_Hot_Chick	bad
25	http://dbpedia.org/resource/Atanarjuat:_The_Fast_Runner	good
910	http://dbpedia.org/resource/Be_Cool	bad
767	http://dbpedia.org/resource/Beijing_Bicycle	good
1499	http://dbpedia.org/resource/Would_You_Rather_(film)	bad
1809	http://dbpedia.org/resource/Percy_Jackson:_Sea_of_Monsters	bad
1936	http://dbpedia.org/resource/The_Perfect_Man	bad
420	http://dbpedia.org/resource/Sisters_in_Law	good
95	http://dbpedia.org/resource/My_Winnipeg	good
834	http://dbpedia.org/resource/Paul_Blart:_Mall_Cop	bad
1298	http://dbpedia.org/resource/Fool's_Gold_(2008_film)	bad
814	http://dbpedia.org/resource/Daddy_Day_Care	bad
137	http://dbpedia.org/resource/Crimson_Gold	good
1518	http://dbpedia.org/resource/Gigli	bad
266	http://dbpedia.org/resource/Liberty_Heights	good
509	http://dbpedia.org/resource/Iraq_for_Sale:_The_War_Profiteers	good
27	http://dbpedia.org/resource/Do_the_Right_Thing	good
1397	http://dbpedia.org/resource/Enough_(film)	bad
470	http://dbpedia.org/resource/Cold_Souls	good
1093	http://dbpedia.org/resource/Lake_Placid_(film)	bad
1968	http://dbpedia.org/resource/Postal_(film)	bad
1202	http://dbpedia.org/resource/Saint_John_of_Las_Vegas	bad
1875	http://dbpedia.org/resource/Scooby-Doo_2:_Monsters_Unleashed	bad
456	http://dbpedia.org/resource/The_Skin_I_Live_In	good
981	http://dbpedia.org/resource/Father_of_Invention	bad
491	http://dbpedia.org/resource/The_Last_Lions	good
200	http://dbpedia.org/resource/The_Devil_Came_on_Horseback	good
335	http://dbpedia.org/resource/Mysterious_Skin	good
438	http://dbpedia.org/resource/Bad_Santa	good
1347	http://dbpedia.org/resource/Twin_Peaks:_Fire_Walk_with_Me	bad
1047	http://dbpedia.org/resource/Returning_Mickey_Stern	bad
81	http://dbpedia.org/resource/Knocked_Up	good
1230	http://dbpedia.org/resource/Gray_Matters	bad
1735	http://dbpedia.org/resource/The_Milk_of_Sorrow	good
1617	http://dbpedia.org/resource/Letters_from_Iwo_Jima	good
48	http://dbpedia.org/resource/Quiz_Show_(film)	good
1575	http://dbpedia.org/resource/Murder-Set-Pieces	bad
1165	http://dbpedia.org/resource/The_Punisher_(2004_film)	bad
1484	http://dbpedia.org/resource/Molly_(film)	bad
85	http://dbpedia.org/resource/Take_Shelter	good
1144	http://dbpedia.org/resource/Raise_Your_Voice	bad
517	http://dbpedia.org/resource/The_Go_Master	good
876	http://dbpedia.org/resource/Looking_for_an_Echo	bad
338	http://dbpedia.org/resource/The_40-Year-Old_Virgin	good
465	http://dbpedia.org/resource/Waging_a_Living	good
955	http://dbpedia.org/resource/Wrath_of_the_Titans	bad
906	http://dbpedia.org/resource/Analyze_That	bad
303	http://dbpedia.org/resource/Little_Otik	good
527	http://dbpedia.org/resource/War/Dance	good
1284	http://dbpedia.org/resource/The_Pacifier	bad
914	http://dbpedia.org/resource/Delhi_Safari	bad
313	http://dbpedia.org/resource/The_Heart_of_the_Game	good
1707	http://dbpedia.org/resource/Star_Trek_II:_The_Wrath_of_Khan	good
1028	http://dbpedia.org/resource/Friday_After_Next	bad
1662	http://dbpedia.org/resource/Jiro_Dreams_of_Sushi	good
395	http://dbpedia.org/resource/Chasing_Amy	good
687	http://dbpedia.org/resource/Hot_Tub_Time_Machine	good
582	http://dbpedia.org/resource/The_Girlfriend_Experience	good
1406	http://dbpedia.org/resource/Sorority_Boys	bad
1682	http://dbpedia.org/resource/Polisse	good
1555	http://dbpedia.org/resource/Urban_Legends:_Final_Cut	bad
2000	http://dbpedia.org/resource/Baby_Geniuses	bad
1769	http://dbpedia.org/resource/Joe_the_King	good
952	http://dbpedia.org/resource/W.E.	bad
787	http://dbpedia.org/resource/Red_Heat	good
598	http://dbpedia.org/resource/Cadillac_Records	good
983	http://dbpedia.org/resource/Life_Is_Hot_in_Cracktown	bad
907	http://dbpedia.org/resource/Annapolis_(film)	bad
520	http://dbpedia.org/resource/The_School_of_Flesh	good
949	http://dbpedia.org/resource/The_Tourist_(2010_film)	bad
1958	http://dbpedia.org/resource/Kazaam	bad
1789	http://dbpedia.org/resource/The_Great_Warming	good
1199	http://dbpedia.org/resource/October_Baby	bad
1980	http://dbpedia.org/resource/Downloading_Nancy	bad
1721	http://dbpedia.org/resource/The_Science_of_Sleep	good
1062	http://dbpedia.org/resource/Two_Can_Play_That_Game	bad
718	http://dbpedia.org/resource/Zombie_Honeymoon	good
1857	http://dbpedia.org/resource/This_Thing_of_Ours	bad
116	http://dbpedia.org/resource/La_Promesse	good
1584	http://dbpedia.org/resource/Fading_of_the_Cries	bad
1919	http://dbpedia.org/resource/Premonition_(2007_film)	bad
1361	http://dbpedia.org/resource/Sex_and_the_City_2	bad
327	http://dbpedia.org/resource/El_Mariachi	good
1267	http://dbpedia.org/resource/Finding_Bliss	bad
4	http://dbpedia.org/resource/Hoop_Dreams	good
235	http://dbpedia.org/resource/Hara-Kiri:_Death_of_a_Samurai	good
305	http://dbpedia.org/resource/Mean_Creek	good
1386	http://dbpedia.org/resource/Phantoms_(film)	bad
1117	http://dbpedia.org/resource/Anatomy_(film)	bad
372	http://dbpedia.org/resource/New_York_Doll	good
1967	http://dbpedia.org/resource/Jawbreaker_(film)	bad
729	http://dbpedia.org/resource/Grabbers	good
1870	http://dbpedia.org/resource/Color_of_the_Cross	bad
1401	http://dbpedia.org/resource/Killing_Season_(film)	bad
458	http://dbpedia.org/resource/The_Syrian_Bride	good
394	http://dbpedia.org/resource/Bowfinger	good
1297	http://dbpedia.org/resource/Eye_of_the_Beholder_(film)	bad
1329	http://dbpedia.org/resource/Dirty_Deeds_(2005_film)	bad
1511	http://dbpedia.org/resource/The_Cat_in_the_Hat_(film)	bad
382	http://dbpedia.org/resource/Superman_Returns	good
1653	http://dbpedia.org/resource/Into_Great_Silence	good
1147	http://dbpedia.org/resource/Resident_Evil_(film)	bad
102	http://dbpedia.org/resource/The_Terminator	good
211	http://dbpedia.org/resource/Before_Sunrise	good
1500	http://dbpedia.org/resource/All_the_Queen's_Men	bad
1224	http://dbpedia.org/resource/Cop_Out_(2010_film)	bad
606	http://dbpedia.org/resource/E-Dreams	good
1366	http://dbpedia.org/resource/The_Fog	bad
1197	http://dbpedia.org/resource/Night_at_the_Golden_Eagle	bad
1843	http://dbpedia.org/resource/Final_Destination	bad
1701	http://dbpedia.org/resource/Welcome_to_Sarajevo	good
1358	http://dbpedia.org/resource/Norbit	bad
1356	http://dbpedia.org/resource/I_Spit_on_Your_Grave	bad
1787	http://dbpedia.org/resource/Shopgirl	good
1369	http://dbpedia.org/resource/The_Spy_Next_Door	bad
223	http://dbpedia.org/resource/The_Weather_Underground_(film)	good
828	http://dbpedia.org/resource/Legendary_(film)	bad
1685	http://dbpedia.org/resource/Amreeka	good
93	http://dbpedia.org/resource/Moonrise_Kingdom	good
6	http://dbpedia.org/resource/Dr._Strangelove	good
1075	http://dbpedia.org/resource/Bringing_Up_Bobby	bad
1152	http://dbpedia.org/resource/State_Property_2	bad
807	http://dbpedia.org/resource/Angel_Eyes_(film)	bad
1692	http://dbpedia.org/resource/The_Hangover	good
1640	http://dbpedia.org/resource/Bad_Education_(film)	good
676	http://dbpedia.org/resource/The_Tic_Code	good
764	http://dbpedia.org/resource/Zebraman	good
181	http://dbpedia.org/resource/A_Nightmare_on_Elm_Street	good
1161	http://dbpedia.org/resource/The_Haunting_in_Connecticut	bad
1106	http://dbpedia.org/resource/The_Real_Cancun	bad
547	http://dbpedia.org/resource/Lethal_Weapon	good
1867	http://dbpedia.org/resource/Primeval_(film)	bad
1391	http://dbpedia.org/resource/The_Objective	bad
1587	http://dbpedia.org/resource/Pinocchio_(2002_film)	bad
1965	http://dbpedia.org/resource/Eight_Crazy_Nights	bad
218	http://dbpedia.org/resource/The_Devil_and_Daniel_Johnston	good
1166	http://dbpedia.org/resource/The_Wedding_Planner	bad
1844	http://dbpedia.org/resource/Hard_Rain_(film)	bad
753	http://dbpedia.org/resource/The_Life_Aquatic_with_Steve_Zissou	good
1024	http://dbpedia.org/resource/Event_Horizon_(film)	bad
1723	http://dbpedia.org/resource/Waking_Sleeping_Beauty	good
1402	http://dbpedia.org/resource/Modigliani_(film)	bad
739	http://dbpedia.org/resource/Puzzlehead	good
362	http://dbpedia.org/resource/Gone_Baby_Gone	good
827	http://dbpedia.org/resource/Just_a_Kiss_(film)	bad
1983	http://dbpedia.org/resource/Movie_43	bad
1434	http://dbpedia.org/resource/The_Love_Guru	bad
1184	http://dbpedia.org/resource/Eight_Miles_High_(film)	bad
795	http://dbpedia.org/resource/The_Wackness	good
339	http://dbpedia.org/resource/The_Brothers_McMullen	good
19	http://dbpedia.org/resource/Raging_Bull	good
903	http://dbpedia.org/resource/A_Hole_in_One	bad
1273	http://dbpedia.org/resource/Paa_(film)	bad
479	http://dbpedia.org/resource/Small_Time_Crooks	good
1565	http://dbpedia.org/resource/Glitter_(film)	bad
1991	http://dbpedia.org/resource/Simon_Sez	bad
970	http://dbpedia.org/resource/College_Road_Trip	bad
150	http://dbpedia.org/resource/Cinema_Paradiso	good
1042	http://dbpedia.org/resource/Multiple_Sarcasms	bad
1155	http://dbpedia.org/resource/Superhero_Movie	bad
1309	http://dbpedia.org/resource/The_24th_Day	bad
1792	http://dbpedia.org/resource/American_Blackout	good
291	http://dbpedia.org/resource/Edward_Scissorhands	good
1305	http://dbpedia.org/resource/Snow_Dogs	bad
1924	http://dbpedia.org/resource/Pandorum	bad
1449	http://dbpedia.org/resource/Love_Stinks_(film)	bad
1275	http://dbpedia.org/resource/Queen_of_the_Damned	bad
486	http://dbpedia.org/resource/The_Cooler	good
270	http://dbpedia.org/resource/Risky_Business	good
140	http://dbpedia.org/resource/Four_Weddings_and_a_Funeral	good
1860	http://dbpedia.org/resource/A_Rumor_of_Angels	bad
667	http://dbpedia.org/resource/Soundtrack_for_a_Revolution	good
272	http://dbpedia.org/resource/Startup.com	good
1142	http://dbpedia.org/resource/Miss_Conception	bad
1835	http://dbpedia.org/resource/Riding_the_Bullet_(film)	bad
513	http://dbpedia.org/resource/Smash_His_Camera	good
1257	http://dbpedia.org/resource/Alex_Cross_(film)	bad
940	http://dbpedia.org/resource/The_Crew_(2000_film)	bad
1989	http://dbpedia.org/resource/FeardotCom	bad
476	http://dbpedia.org/resource/Jodhaa_Akbar	good
398	http://dbpedia.org/resource/Elite_Squad:_The_Enemy_Within	good
1705	http://dbpedia.org/resource/Games_of_Love_and_Chance	good
1146	http://dbpedia.org/resource/Repo_Chick	bad
1167	http://dbpedia.org/resource/There_Be_Dragons	bad
848	http://dbpedia.org/resource/World_Traveler	bad
844	http://dbpedia.org/resource/The_Green_Hornet_(serial)	bad
1256	http://dbpedia.org/resource/A_Day_Without_a_Mexican	bad
489	http://dbpedia.org/resource/The_Exploding_Girl	good
1068	http://dbpedia.org/resource/Yogi_Bear_(film)	bad
1540	http://dbpedia.org/resource/Street_Fighter:_The_Legend_of_Chun-Li	bad
176	http://dbpedia.org/resource/The_People_vs._Larry_Flynt	good
1292	http://dbpedia.org/resource/Answers_to_Nothing_(film)	bad
849	http://dbpedia.org/resource/Young_People_Fucking	bad
410	http://dbpedia.org/resource/No_One_Knows_About_Persian_Cats	good
132	http://dbpedia.org/resource/A_Mighty_Wind	good
236	http://dbpedia.org/resource/The_Wide_Blue_Road	good
104	http://dbpedia.org/resource/Volver	good
1762	http://dbpedia.org/resource/The_Love_We_Make	good
401	http://dbpedia.org/resource/I_Like_Killing_Flies	good
1264	http://dbpedia.org/resource/Empire_Records	bad
1138	http://dbpedia.org/resource/Let_It_Ride_(film)	bad
1975	http://dbpedia.org/resource/The_Zodiac_(film)	bad
1833	http://dbpedia.org/resource/Haven_(film)	bad
525	http://dbpedia.org/resource/To_Die_like_a_Man	good
26	http://dbpedia.org/resource/Beau_Travail	good
353	http://dbpedia.org/resource/Working_Girl	good
1683	http://dbpedia.org/resource/Take_My_Eyes	good
101	http://dbpedia.org/resource/The_Man_Without_a_Past	good
1483	http://dbpedia.org/resource/Larry_the_Cable_Guy:_Health_Inspector	bad
1574	http://dbpedia.org/resource/Love,_Wedding,_Marriage	bad
436	http://dbpedia.org/resource/Winnebago_Man	good
976	http://dbpedia.org/resource/Dickie_Roberts:_Former_Child_Star	bad
868	http://dbpedia.org/resource/Final_Destination_2	bad
1274	http://dbpedia.org/resource/Punisher:_War_Zone	bad
1190	http://dbpedia.org/resource/Kill_by_Inches	bad
997	http://dbpedia.org/resource/Smother_(film)	bad
637	http://dbpedia.org/resource/The_Slaughter_Rule	good
22	http://dbpedia.org/resource/Toy_Story	good
202	http://dbpedia.org/resource/The_Princess_of_Montpensier	good
1245	http://dbpedia.org/resource/Reuniting_the_Rubins	bad
1593	http://dbpedia.org/resource/Jewtopia_(film)	bad
1731	http://dbpedia.org/resource/Heartbeat_Detector	good
1043	http://dbpedia.org/resource/My_Blue_Heaven_(1990_film)	bad
1101	http://dbpedia.org/resource/Testosterone_(film)	bad
801	http://dbpedia.org/resource/Zoolander	good
12	http://dbpedia.org/resource/Spirited_Away	good
1754	http://dbpedia.org/resource/Unmistaken_Child	good
1955	http://dbpedia.org/resource/Autumn_in_New_York_(film)	bad
922	http://dbpedia.org/resource/Honey_(2003_film)	bad
3	http://dbpedia.org/resource/Army_of_Shadows	good
1664	http://dbpedia.org/resource/Shanghai_Noon	good
883	http://dbpedia.org/resource/Paparazzi_(2004_film)	bad
1812	http://dbpedia.org/resource/Till_Human_Voices_Wake_Us_(film)	bad
105	http://dbpedia.org/resource/Amores_perros	good
1961	http://dbpedia.org/resource/Sex_and_Death_101	bad
1699	http://dbpedia.org/resource/The_Birdcage	good
674	http://dbpedia.org/resource/The_Notorious_Bettie_Page	good
572	http://dbpedia.org/resource/Mission:_Impossible_III	good
1747	http://dbpedia.org/resource/Game_Over:_Kasparov_and_the_Machine	good
841	http://dbpedia.org/resource/Swing_Kids_(film)	bad
850	http://dbpedia.org/resource/12_Rounds_(film)	bad
817	http://dbpedia.org/resource/Dumb_and_Dumber	bad
1841	http://dbpedia.org/resource/Beware_the_Gonzo	bad
1827	http://dbpedia.org/resource/Bad_Company_(2002_film)	bad
1367	http://dbpedia.org/resource/The_Majestic_(film)	bad
1954	http://dbpedia.org/resource/A_Warrior's_Heart	bad
1724	http://dbpedia.org/resource/Cinderella_Man	good
198	http://dbpedia.org/resource/Starting_Out_in_the_Evening	good
1599	http://dbpedia.org/resource/Vulgar_(film)	bad
1940	http://dbpedia.org/resource/Filth_and_Wisdom	bad
699	http://dbpedia.org/resource/Sarah_Silverman:_Jesus_Is_Magic	good
1364	http://dbpedia.org/resource/Summer_School_(1987_film)	bad
1797	http://dbpedia.org/resource/The_Soloist	good
1840	http://dbpedia.org/resource/Arthur_(2011_film)	bad
1785	http://dbpedia.org/resource/Scream_2	good
1226	http://dbpedia.org/resource/Envy_(2004_film)	bad
1998	http://dbpedia.org/resource/Dirty_Love_(film)	bad
581	http://dbpedia.org/resource/Spanking_the_Monkey	good
1481	http://dbpedia.org/resource/Highlander:_Endgame	bad
279	http://dbpedia.org/resource/The_Kid_Stays_in_the_Picture	good
1017	http://dbpedia.org/resource/A_Walk_to_Remember	bad
1461	http://dbpedia.org/resource/New_Year's_Eve_(film)	bad
1939	http://dbpedia.org/resource/A_Night_at_the_Roxbury	bad
224	http://dbpedia.org/resource/A_Dangerous_Method	good
643	http://dbpedia.org/resource/About_Adam	good
1874	http://dbpedia.org/resource/Red_Planet_(film)	bad
675	http://dbpedia.org/resource/The_Other_Guys	good
1541	http://dbpedia.org/resource/The_Lodger_(2009_film)	bad
154	http://dbpedia.org/resource/In_the_Mirror_of_Maya_Deren	good
755	http://dbpedia.org/resource/The_Matrix_Reloaded	good
1185	http://dbpedia.org/resource/Down_to_Earth_(2001_film)	bad
1709	http://dbpedia.org/resource/The_Boss_of_It_All	good
1058	http://dbpedia.org/resource/The_Guillotines	bad
1532	http://dbpedia.org/resource/Bless_the_Child	bad
240	http://dbpedia.org/resource/Martha_Marcy_May_Marlene	good
293	http://dbpedia.org/resource/Forty_Shades_of_Blue	good
1622	http://dbpedia.org/resource/Slumdog_Millionaire	good
482	http://dbpedia.org/resource/The_Adventures_of_Baron_Munchausen	good
1847	http://dbpedia.org/resource/I_Am_Number_Four_(film)	bad
1652	http://dbpedia.org/resource/Human_Resources_(film)	good
799	http://dbpedia.org/resource/Where_God_Left_His_Shoes	good
528	http://dbpedia.org/resource/A_Guide_to_Recognizing_Your_Saints	good
50	http://dbpedia.org/resource/Tulpan	good
317	http://dbpedia.org/resource/An_African_Election	good
911	http://dbpedia.org/resource/Charlie_St._Cloud_(film)	bad
1583	http://dbpedia.org/resource/Date_Movie	bad
434	http://dbpedia.org/resource/Waiting_for_Guffman	good
1909	http://dbpedia.org/resource/Grind_(2003_film)	bad
1776	http://dbpedia.org/resource/Wolke_Neun	good
1892	http://dbpedia.org/resource/Repo_Men	bad
533	http://dbpedia.org/resource/Brothers_of_the_Head	good
1450	http://dbpedia.org/resource/My_Baby's_Daddy	bad
1953	http://dbpedia.org/resource/The_Comebacks	bad
1914	http://dbpedia.org/resource/The_Tuxedo	bad
1559	http://dbpedia.org/resource/House_of_the_Dead_(film)	bad
535	http://dbpedia.org/resource/Children_of_Invention	good
1375	http://dbpedia.org/resource/Babylon_A.D.	bad
1771	http://dbpedia.org/resource/Mondays_in_the_Sun	good
30	http://dbpedia.org/resource/Waltz_with_Bashir	good
1830	http://dbpedia.org/resource/Forever_Strong	bad
1614	http://dbpedia.org/resource/Hannah_and_Her_Sisters	good
1585	http://dbpedia.org/resource/King's_Ransom_(film)	bad
705	http://dbpedia.org/resource/The_Lost_Boys	good
1694	http://dbpedia.org/resource/The_Puffy_Chair	good
1159	http://dbpedia.org/resource/The_Dukes_of_Hazzard_(film)	bad
1337	http://dbpedia.org/resource/Inside/Out_(film)	bad
469	http://dbpedia.org/resource/Changing_Lanes	good
1311	http://dbpedia.org/resource/The_Aryan_Couple	bad
1473	http://dbpedia.org/resource/What_Goes_Up	bad
1912	http://dbpedia.org/resource/Sarah_Landon_and_the_Paranormal_Hour	bad
1493	http://dbpedia.org/resource/Marci_X	bad
1162	http://dbpedia.org/resource/The_Human_Centipede_(First_Sequence)	bad
1535	http://dbpedia.org/resource/Hudson_Hawk	bad
1522	http://dbpedia.org/resource/Swept_Away_(2002_film)	bad
846	http://dbpedia.org/resource/The_Lucky_One_(film)	bad
99	http://dbpedia.org/resource/Sling_Blade	good
1677	http://dbpedia.org/resource/Girl_on_the_Bridge	good
124	http://dbpedia.org/resource/Taxi_to_the_Dark_Side	good
708	http://dbpedia.org/resource/The_Rage_in_Placid_Lake	good
170	http://dbpedia.org/resource/March_of_the_Penguins	good
1783	http://dbpedia.org/resource/Megamind	good
1713	http://dbpedia.org/resource/Adanggaman	good
1720	http://dbpedia.org/resource/The_Opposite_of_Sex	good
1901	http://dbpedia.org/resource/Harry_+_Max	bad
713	http://dbpedia.org/resource/Two_Brothers	good
685	http://dbpedia.org/resource/Hannah_Takes_the_Stairs	good
253	http://dbpedia.org/resource/The_Last_Station	good
383	http://dbpedia.org/resource/The_Cabin_in_the_Woods	good
1268	http://dbpedia.org/resource/Grown_Ups_(film)	bad
1001	http://dbpedia.org/resource/Steal_This_Movie!	bad
232	http://dbpedia.org/resource/Catch_Me_If_You_Can	good
1238	http://dbpedia.org/resource/Lucky_Numbers	bad
1241	http://dbpedia.org/resource/National_Security_(2003_film)	bad
18	http://dbpedia.org/resource/Inside_Llewyn_Davis	good
246	http://dbpedia.org/resource/Shotgun_Stories	good
1568	http://dbpedia.org/resource/The_Keep_(film)	bad
1896	http://dbpedia.org/resource/Crazy_Eyes_(film)	bad
1380	http://dbpedia.org/resource/Echelon_Conspiracy	bad
794	http://dbpedia.org/resource/The_Man_with_Two_Brains	good
1946	http://dbpedia.org/resource/Double_Take_(2001_film)	bad
1055	http://dbpedia.org/resource/The_Babysitters	bad
1497	http://dbpedia.org/resource/Vegas_Vacation	bad
625	http://dbpedia.org/resource/Rain_Man	good
1648	http://dbpedia.org/resource/The_Five_Obstructions	good
358	http://dbpedia.org/resource/Akeelah_and_the_Bee	good
1048	http://dbpedia.org/resource/Salvation_Boulevard	bad
364	http://dbpedia.org/resource/Gran_Torino	good
71	http://dbpedia.org/resource/Springtime_in_a_Small_Town	good
1376	http://dbpedia.org/resource/Basic_Instinct_2	bad
901	http://dbpedia.org/resource/Wild_Wild_West	bad
1557	http://dbpedia.org/resource/Book_of_Shadows:_Blair_Witch_2	bad
1229	http://dbpedia.org/resource/Garden_Party_(film)	bad
33	http://dbpedia.org/resource/Apocalypse_Now	good
1933	http://dbpedia.org/resource/Imagining_Argentina_(film)	bad
274	http://dbpedia.org/resource/Sweet_Land	good
1959	http://dbpedia.org/resource/Redline_(2007_film)	bad
56	http://dbpedia.org/resource/Shakespeare_in_Love	good
954	http://dbpedia.org/resource/War,_Inc.	bad
654	http://dbpedia.org/resource/Gattaca	good
1476	http://dbpedia.org/resource/Better_Living	bad
1023	http://dbpedia.org/resource/Escape_from_Planet_Earth	bad
762	http://dbpedia.org/resource/Torremolinos_73	good
1470	http://dbpedia.org/resource/The_Ladies_Man	bad
365	http://dbpedia.org/resource/Igby_Goes_Down	good
1742	http://dbpedia.org/resource/Kung_Fu_Panda_2	good
60	http://dbpedia.org/resource/To_Be_and_to_Have	good
808	http://dbpedia.org/resource/Arthur_and_the_Invisibles	bad
309	http://dbpedia.org/resource/Sicko	good
770	http://dbpedia.org/resource/Blue_Crush	good
1306	http://dbpedia.org/resource/Somewhere_in_Time_(film)	bad
442	http://dbpedia.org/resource/Earth_Days	good
715	http://dbpedia.org/resource/Walk_Hard:_The_Dewey_Cox_Story	good
563	http://dbpedia.org/resource/Black_Butterflies	good
632	http://dbpedia.org/resource/The_Future_of_Food	good
1227	http://dbpedia.org/resource/Fired_Up!	bad
5	http://dbpedia.org/resource/Pan's_Labyrinth	good
1514	http://dbpedia.org/resource/BloodRayne_(film)	bad
1176	http://dbpedia.org/resource/As_Luck_Would_Have_It_(2011_film)	bad
790	http://dbpedia.org/resource/The_Dream_Catcher	good
1137	http://dbpedia.org/resource/Leap_Year_(2010_film)	bad
867	http://dbpedia.org/resource/Fakers	bad
1307	http://dbpedia.org/resource/Swimfan	bad
1623	http://dbpedia.org/resource/Talk_to_Her	good
920	http://dbpedia.org/resource/Garfield:_A_Tail_of_Two_Kitties	bad
377	http://dbpedia.org/resource/Shut_Up_and_Play_the_Hits	good
1	http://dbpedia.org/resource/Best_Kept_Secret_(film)	good
1855	http://dbpedia.org/resource/The_Art_of_Getting_By	bad
882	http://dbpedia.org/resource/Our_Family_Wedding	bad
1140	http://dbpedia.org/resource/Love_Happens	bad
672	http://dbpedia.org/resource/The_Horse_Boy	good
281	http://dbpedia.org/resource/The_Royal_Tenenbaums	good
1572	http://dbpedia.org/resource/Daddy_Day_Camp	bad
1110	http://dbpedia.org/resource/Town_&_Country_(film)	bad
973	http://dbpedia.org/resource/Deadgirl	bad
746	http://dbpedia.org/resource/The_Claim	good
481	http://dbpedia.org/resource/Tears_of_the_Black_Tiger	good
214	http://dbpedia.org/resource/Fat_Girl	good
1254	http://dbpedia.org/resource/This_Means_War_(film)	bad
947	http://dbpedia.org/resource/Fury_(2012_film)	bad
237	http://dbpedia.org/resource/Machuca	good
514	http://dbpedia.org/resource/Son_of_the_Bride	good
468	http://dbpedia.org/resource/Beautiful_Darling	good
809	http://dbpedia.org/resource/Bait_(2000_film)	bad
877	http://dbpedia.org/resource/Never_Die_Alone	bad
310	http://dbpedia.org/resource/Stonewall_Uprising	good
1069	http://dbpedia.org/resource/$pent	bad
1168	http://dbpedia.org/resource/Trash_Humpers	bad
319	http://dbpedia.org/resource/Attenberg	good
1561	http://dbpedia.org/resource/The_Cookout	bad
1929	http://dbpedia.org/resource/You_Again	bad
1208	http://dbpedia.org/resource/The_Brothers_Solomon	bad
1389	http://dbpedia.org/resource/The_Best_and_the_Brightest_(film)	bad
792	http://dbpedia.org/resource/The_Fisher_King	good
1312	http://dbpedia.org/resource/The_Condemned	bad
234	http://dbpedia.org/resource/Grosse_Pointe_Blank	good
1335	http://dbpedia.org/resource/House_on_Haunted_Hill	bad
1729	http://dbpedia.org/resource/The_Eyes_of_Tammy_Faye	good
624	http://dbpedia.org/resource/Pola_X	good
703	http://dbpedia.org/resource/The_Great_Yokai_War	good
460	http://dbpedia.org/resource/Tsotsi	good
391	http://dbpedia.org/resource/Wreck-It_Ralph	good
215	http://dbpedia.org/resource/Hukkle	good
1577	http://dbpedia.org/resource/Into_the_Dark_(film)	bad
816	http://dbpedia.org/resource/Dot_the_i	bad
1266	http://dbpedia.org/resource/Feeling_Minnesota	bad
24	http://dbpedia.org/resource/Werckmeister_Harmonies	good
1704	http://dbpedia.org/resource/F/X	good
885	http://dbpedia.org/resource/Random_Hearts	bad
1174	http://dbpedia.org/resource/Agent_Cody_Banks_2:_Destination_London	bad
352	http://dbpedia.org/resource/Water_Drops_on_Burning_Rocks	good
1942	http://dbpedia.org/resource/Time_Changer	bad
1247	http://dbpedia.org/resource/Sonny_(film)	bad
1598	http://dbpedia.org/resource/Two_of_a_Kind_(1983_film)	bad
446	http://dbpedia.org/resource/It_Might_Get_Loud	good
445	http://dbpedia.org/resource/Gunner_Palace	good
858	http://dbpedia.org/resource/Blow_Dry	bad
1447	http://dbpedia.org/resource/Half_Past_Dead	bad
552	http://dbpedia.org/resource/Pianomania	good
948	http://dbpedia.org/resource/The_Story_of_Us_(film)	bad
1357	http://dbpedia.org/resource/Little_Fockers	bad
1480	http://dbpedia.org/resource/Held_Up	bad
884	http://dbpedia.org/resource/Raising_Helen	bad
1053	http://dbpedia.org/resource/Stealth_(film)	bad
1240	http://dbpedia.org/resource/Monster-in-Law	bad
250	http://dbpedia.org/resource/The_Baader_Meinhof_Complex	good
1708	http://dbpedia.org/resource/Tangled	good
427	http://dbpedia.org/resource/The_Descent	good
611	http://dbpedia.org/resource/Grace_Is_Gone	good
688	http://dbpedia.org/resource/How_She_Move	good
993	http://dbpedia.org/resource/Senseless	bad
1486	http://dbpedia.org/resource/Summer_Catch	bad
69	http://dbpedia.org/resource/Ponyo	good
659	http://dbpedia.org/resource/Love_in_the_Buff	good
856	http://dbpedia.org/resource/Balls_of_Fury	bad
195	http://dbpedia.org/resource/Punch-Drunk_Love	good
1388	http://dbpedia.org/resource/Supercross_(film)	bad
1029	http://dbpedia.org/resource/Friday_the_13th_(1980_film)	bad
843	http://dbpedia.org/resource/The_Goods:_Live_Hard,_Sell_Hard	bad
106	http://dbpedia.org/resource/Crazy_Heart	good
312	http://dbpedia.org/resource/The_Ground_Truth	good
1984	http://dbpedia.org/resource/The_Devil_Inside_(film)	bad
588	http://dbpedia.org/resource/Two_Girls_and_a_Guy	good
823	http://dbpedia.org/resource/High_Heels_and_Low_Lifes	bad
1163	http://dbpedia.org/resource/The_Last_Song_(film)	bad
13	http://dbpedia.org/resource/The_Lord_of_the_Rings:_The_Return_of_the_King	good
28	http://dbpedia.org/resource/The_Queen_(film)	good
1040	http://dbpedia.org/resource/Megiddo:_The_Omega_Code_2	bad
1576	http://dbpedia.org/resource/New_Best_Friend	bad
769	http://dbpedia.org/resource/Big_Miracle	good
1777	http://dbpedia.org/resource/A_Cat_in_Paris	good
300	http://dbpedia.org/resource/Inception	good
439	http://dbpedia.org/resource/Countdown_to_Zero	good
37	http://dbpedia.org/resource/Saving_Private_Ryan	good
1091	http://dbpedia.org/resource/In_Shifting_Sands:_The_Truth_About_Unscom_and_the_Disarming_of_Iraq	bad
752	http://dbpedia.org/resource/The_Last_Mountain	good
1339	http://dbpedia.org/resource/Love_and_Honor	bad
328	http://dbpedia.org/resource/For_the_Bible_Tells_Me_So	good
1890	http://dbpedia.org/resource/Sleepover_(film)	bad
1109	http://dbpedia.org/resource/Three_(2006_film)	bad
733	http://dbpedia.org/resource/Incident_at_Loch_Ness	good
1128	http://dbpedia.org/resource/Grave_Encounters	bad
245	http://dbpedia.org/resource/Shaun_of_the_Dead	good
349	http://dbpedia.org/resource/Three_Monkeys	good
108	http://dbpedia.org/resource/Taxidermia	good
711	http://dbpedia.org/resource/Three_of_Hearts:_A_Postmodern_Family	good
726	http://dbpedia.org/resource/First_Blood	good
301	http://dbpedia.org/resource/Judy_Berlin	good
1094	http://dbpedia.org/resource/Law_Abiding_Citizen	bad
1601	http://dbpedia.org/resource/4_Months,_3_Weeks_and_2_Days	good
1031	http://dbpedia.org/resource/Ghosts_of_Mars	bad
786	http://dbpedia.org/resource/Meet_the_Robinsons	good
539	http://dbpedia.org/resource/Dislecksia:_The_Movie	good
744	http://dbpedia.org/resource/The_Best_Exotic_Marigold_Hotel	good
1333	http://dbpedia.org/resource/Happily_N'Ever_After	bad
1187	http://dbpedia.org/resource/Ghost_Rider:_Spirit_of_Vengeance	bad
861	http://dbpedia.org/resource/Confessions_of_a_Shopaholic_(film)	bad
1469	http://dbpedia.org/resource/The_Cold_Light_of_Day_(2012_film)	bad
1935	http://dbpedia.org/resource/The_Heart_Is_Deceitful_Above_All_Things	bad
1706	http://dbpedia.org/resource/Married_to_the_Mob	good
962	http://dbpedia.org/resource/Against_the_Ropes	bad
1818	http://dbpedia.org/resource/Facing_the_Giants	bad
772	http://dbpedia.org/resource/Dead_Snow	good
464	http://dbpedia.org/resource/Vicky_Cristina_Barcelona	good
1851	http://dbpedia.org/resource/Poolhall_Junkies	bad
1571	http://dbpedia.org/resource/What_Love_Is	bad
1228	http://dbpedia.org/resource/First_Daughter_(2004_film)	bad
1414	http://dbpedia.org/resource/The_Next_Best_Thing	bad
1120	http://dbpedia.org/resource/Burning_Palms_(film)	bad
1291	http://dbpedia.org/resource/Anatomy_of_Hell	bad
839	http://dbpedia.org/resource/Simon_Birch	bad
1974	http://dbpedia.org/resource/Killers_(2010_film)	bad
1853	http://dbpedia.org/resource/Remember_the_Daze	bad
347	http://dbpedia.org/resource/The_Princess_and_the_Frog	good
1628	http://dbpedia.org/resource/Iraq_in_Fragments	good
448	http://dbpedia.org/resource/Queen_to_Play	good
1198	http://dbpedia.org/resource/Not_Another_Teen_Movie	bad
1057	http://dbpedia.org/resource/The_Forsaken_(film)	bad
1419	http://dbpedia.org/resource/Apollo_18_(film)	bad
290	http://dbpedia.org/resource/Billy_Elliot	good
1373	http://dbpedia.org/resource/Wild_Hogs	bad
1410	http://dbpedia.org/resource/The_Benchwarmers	bad
1604	http://dbpedia.org/resource/Sideways	good
1738	http://dbpedia.org/resource/Better_Luck_Tomorrow	good
449	http://dbpedia.org/resource/Quills	good
1964	http://dbpedia.org/resource/Caffeine_(film)	bad
1900	http://dbpedia.org/resource/Happy_Gilmore	bad
308	http://dbpedia.org/resource/Scottsboro:_An_American_Tragedy	good
661	http://dbpedia.org/resource/Mongolian_Ping_Pong	good
1479	http://dbpedia.org/resource/Hansel_&_Gretel:_Witch_Hunters	bad
1426	http://dbpedia.org/resource/Mr._Deeds	bad
1978	http://dbpedia.org/resource/The_First_$20_Million_Is_Always_the_Hardest	bad
1374	http://dbpedia.org/resource/A_Thousand_Words_(film)	bad
1260	http://dbpedia.org/resource/Blackwoods_(film)	bad
863	http://dbpedia.org/resource/Dark_Streets	bad
1831	http://dbpedia.org/resource/Fun_Size	bad
1008	http://dbpedia.org/resource/The_Son_of_No_One	bad
913	http://dbpedia.org/resource/Crocodile_Dundee_in_Los_Angeles	bad
1948	http://dbpedia.org/resource/Drowning_Mona	bad
1059	http://dbpedia.org/resource/The_Perfect_Score	bad
1331	http://dbpedia.org/resource/Even_Cowgirls_Get_the_Blues_(film)	bad
213	http://dbpedia.org/resource/Crimes_and_Misdemeanors	good
1084	http://dbpedia.org/resource/Eulogy_(film)	bad
1549	http://dbpedia.org/resource/Lost_Souls_(film)	bad
63	http://dbpedia.org/resource/Das_Boot	good
1665	http://dbpedia.org/resource/The_Decline_of_Western_Civilization_III	good
603	http://dbpedia.org/resource/Darkman	good
999	http://dbpedia.org/resource/Space_Chimps	bad
1842	http://dbpedia.org/resource/Feel_the_Noise	bad
260	http://dbpedia.org/resource/An_Officer_and_a_Gentleman	good
1716	http://dbpedia.org/resource/Galaxy_Quest	good
1567	http://dbpedia.org/resource/Mixed_Nuts	bad
1196	http://dbpedia.org/resource/New_World_Order_(film)	bad
1277	http://dbpedia.org/resource/Speed-Dating	bad
187	http://dbpedia.org/resource/Daratt	good
1730	http://dbpedia.org/resource/Eyes_Wide_Shut	good
898	http://dbpedia.org/resource/The_Ward_(film)	bad
621	http://dbpedia.org/resource/Night_Catches_Us	good
1322	http://dbpedia.org/resource/Atlas_Shrugged:_Part_I	bad
1203	http://dbpedia.org/resource/September_Tapes	bad
1280	http://dbpedia.org/resource/The_Cave_(film)	bad
463	http://dbpedia.org/resource/Ushpizin	good
304	http://dbpedia.org/resource/Mauvais_Sang	good
1741	http://dbpedia.org/resource/It_Came_from_Kuchar	good
622	http://dbpedia.org/resource/Panic_Room	good
1233	http://dbpedia.org/resource/House_of_1000_Corpses	bad
1608	http://dbpedia.org/resource/Star_Wars_(film)	good
111	http://dbpedia.org/resource/The_Lion_King	good
466	http://dbpedia.org/resource/Arthur_Christmas	good
560	http://dbpedia.org/resource/Before_the_Fall	good
241	http://dbpedia.org/resource/Me_and_You_and_Everyone_We_Know	good
1421	http://dbpedia.org/resource/Get_Carter	bad
542	http://dbpedia.org/resource/Finding_Neverland	good
1270	http://dbpedia.org/resource/Knockaround_Guys	bad
1442	http://dbpedia.org/resource/Couples_Retreat	bad
16	http://dbpedia.org/resource/Reversal_of_Fortune	good
1548	http://dbpedia.org/resource/Kangaroo_Jack	bad
1966	http://dbpedia.org/resource/Beneath_the_Darkness	bad
992	http://dbpedia.org/resource/Saw_IV	bad
1757	http://dbpedia.org/resource/Gay_Sex_in_the_70s	good
1952	http://dbpedia.org/resource/Patch_Adams_(film)	bad
1913	http://dbpedia.org/resource/Silent_Hill_(film)	bad
1399	http://dbpedia.org/resource/Hell_Ride	bad
222	http://dbpedia.org/resource/The_War_Tapes	good
1320	http://dbpedia.org/resource/A_Good_Day_to_Die_Hard	bad
1888	http://dbpedia.org/resource/End_of_Days_(film)	bad
1326	http://dbpedia.org/resource/Bunraku_(film)	bad
1537	http://dbpedia.org/resource/Material_Girls	bad
693	http://dbpedia.org/resource/One_True_Thing	good
9	http://dbpedia.org/resource/The_Social_Network	good
1114	http://dbpedia.org/resource/33_Postcards	bad
77	http://dbpedia.org/resource/The_Wind_Will_Carry_Us	good
1095	http://dbpedia.org/resource/Mission_to_Mars	bad
847	http://dbpedia.org/resource/Underworld:_Awakening	bad
113	http://dbpedia.org/resource/The_White_Diamond	good
143	http://dbpedia.org/resource/In_the_Company_of_Men	good
629	http://dbpedia.org/resource/Tetro	good
515	http://dbpedia.org/resource/The_Edukators	good
1210	http://dbpedia.org/resource/The_Last_Man_(2002_film)	bad
159	http://dbpedia.org/resource/The_Century_of_the_Self	good
1392	http://dbpedia.org/resource/The_Salon_(film)	bad
939	http://dbpedia.org/resource/The_Country_Bears	bad
1239	http://dbpedia.org/resource/Max_Payne_(film)	bad
743	http://dbpedia.org/resource/The_Abyss	good
558	http://dbpedia.org/resource/Bandslam	good
1767	http://dbpedia.org/resource/Inside_Deep_Throat	good
1945	http://dbpedia.org/resource/American_Outlaws	bad
1661	http://dbpedia.org/resource/Happy_Feet	good
731	http://dbpedia.org/resource/I_Am_a_Sex_Addict	good
1471	http://dbpedia.org/resource/The_Watcher_(film)	bad
1531	http://dbpedia.org/resource/All's_Faire_in_Love	bad
1131	http://dbpedia.org/resource/I_Dreamed_of_Africa	bad
1370	http://dbpedia.org/resource/The_Suburbans	bad
58	http://dbpedia.org/resource/The_Kid_with_a_Bike	good
467	http://dbpedia.org/resource/Barton_Fink	good
1179	http://dbpedia.org/resource/Broken_Bridges	bad
1170	http://dbpedia.org/resource/Very_Annie_Mary	bad
1395	http://dbpedia.org/resource/Abduction_(2011_film)	bad
1149	http://dbpedia.org/resource/Shadowboxer	bad
46	http://dbpedia.org/resource/Life_Is_Sweet_(film)	good
929	http://dbpedia.org/resource/Only_God_Forgives	bad
1012	http://dbpedia.org/resource/Tooth_Fairy_(2010_film)	bad
397	http://dbpedia.org/resource/Dragonslayer	good
485	http://dbpedia.org/resource/The_Company_Men	good
1588	http://dbpedia.org/resource/The_Trouble_with_Romance	bad
431	http://dbpedia.org/resource/The_Yes_Men_Fix_the_World	good
857	http://dbpedia.org/resource/Blade:_Trinity	bad
1073	http://dbpedia.org/resource/All_About_the_Benjamins	bad
619	http://dbpedia.org/resource/Monsters_University	good
196	http://dbpedia.org/resource/Reservoir_Dogs	good
921	http://dbpedia.org/resource/Girl_Play	bad
554	http://dbpedia.org/resource/RoboCop	good
1957	http://dbpedia.org/resource/Highlander_(film)	bad
1253	http://dbpedia.org/resource/The_Skeptic_(film)	bad
641	http://dbpedia.org/resource/Wild_Grass	good
776	http://dbpedia.org/resource/Frida	good
72	http://dbpedia.org/resource/The_Conversation	good
845	http://dbpedia.org/resource/The_Jimmy_Show	bad
773	http://dbpedia.org/resource/Deconstructing_Harry	good
1474	http://dbpedia.org/resource/3000_Miles_to_Graceland	bad
1158	http://dbpedia.org/resource/The_Chaperone_(film)	bad
263	http://dbpedia.org/resource/I_Shot_Andy_Warhol	good
183	http://dbpedia.org/resource/Best_in_Show_(film)	good
257	http://dbpedia.org/resource/The_Sleepy_Time_Gal	good
205	http://dbpedia.org/resource/The_Yellow_Sea_(film)	good
502	http://dbpedia.org/resource/Braveheart	good
1492	http://dbpedia.org/resource/Joe_Dirt	bad
1175	http://dbpedia.org/resource/Alex_&_Emma	bad
963	http://dbpedia.org/resource/Beloved/Friend	bad
915	http://dbpedia.org/resource/Dirty_Girl_(2010_film)	bad
923	http://dbpedia.org/resource/Judy_Moody_and_the_Not_Bummer_Summer	bad
79	http://dbpedia.org/resource/Exit_Through_the_Gift_Shop	good
1066	http://dbpedia.org/resource/When_Harry_Tries_to_Marry	bad
412	http://dbpedia.org/resource/One_Lucky_Elephant	good
1889	http://dbpedia.org/resource/Hanging_Up	bad
545	http://dbpedia.org/resource/Garbage_Dreams	good
342	http://dbpedia.org/resource/The_Deer_Hunter	good
325	http://dbpedia.org/resource/Cast_Away	good
444	http://dbpedia.org/resource/Good_Will_Hunting	good
564	http://dbpedia.org/resource/Ever_After	good
757	http://dbpedia.org/resource/The_Names_of_Love	good
953	http://dbpedia.org/resource/Waist_Deep	bad
650	http://dbpedia.org/resource/Following_Sean	good
1232	http://dbpedia.org/resource/House_at_the_End_of_the_Street	bad
64	http://dbpedia.org/resource/Easy_Rider	good
194	http://dbpedia.org/resource/Pray_the_Devil_Back_to_Hell	good
1751	http://dbpedia.org/resource/Robot_Stories	good
1764	http://dbpedia.org/resource/Beverly_Hills_Cop	good
724	http://dbpedia.org/resource/Fierce_Creatures	good
361	http://dbpedia.org/resource/Czech_Dream	good
730	http://dbpedia.org/resource/Hollywoodland	good
471	http://dbpedia.org/resource/Eklavya:_The_Royal_Guard	good
565	http://dbpedia.org/resource/Fight_Club	good
1286	http://dbpedia.org/resource/The_Spirit_(film)	bad
946	http://dbpedia.org/resource/The_Lone_Ranger_(serial)	bad
833	http://dbpedia.org/resource/P.S._I_Love_You_(film)	bad
829	http://dbpedia.org/resource/Love_at_Times_Square	bad
238	http://dbpedia.org/resource/Madadayo	good
1177	http://dbpedia.org/resource/Beyond_Borders	bad
216	http://dbpedia.org/resource/Jerry_Maguire	good
1768	http://dbpedia.org/resource/JCVD_(film)	good
1710	http://dbpedia.org/resource/The_Tracker	good
653	http://dbpedia.org/resource/Fright_Night	good
1217	http://dbpedia.org/resource/Untraceable	bad
227	http://dbpedia.org/resource/Bill_Cunningham_New_York	good
1283	http://dbpedia.org/resource/The_Marc_Pease_Experience	bad
1181	http://dbpedia.org/resource/Chapter_27	bad
1937	http://dbpedia.org/resource/Vampire_in_Brooklyn	bad
89	http://dbpedia.org/resource/Guy_and_Madeline_on_a_Park_Bench	good
107	http://dbpedia.org/resource/Drag_Me_to_Hell	good
1464	http://dbpedia.org/resource/Prince_of_Central_Park	bad
1044	http://dbpedia.org/resource/Play_the_Game_(film)	bad
1323	http://dbpedia.org/resource/Barry_Munday	bad
1697	http://dbpedia.org/resource/My_Brother_the_Devil	good
421	http://dbpedia.org/resource/Sketches_of_Frank_Gehry	good
42	http://dbpedia.org/resource/Eternal_Sunshine_of_the_Spotless_Mind	good
720	http://dbpedia.org/resource/A_Silent_Love	good
1645	http://dbpedia.org/resource/So_Much_So_Fast	good
472	http://dbpedia.org/resource/Enter_the_Void	good
1362	http://dbpedia.org/resource/Simply_Irresistible_(film)	bad
580	http://dbpedia.org/resource/Son_of_Rambow	good
320	http://dbpedia.org/resource/Beyond_the_Mat	good
1054	http://dbpedia.org/resource/Teaching_Mrs._Tingle	bad
1192	http://dbpedia.org/resource/Land_of_the_Lost_(film)	bad
1551	http://dbpedia.org/resource/Surfer,_Dude	bad
980	http://dbpedia.org/resource/Fast_Food_Fast_Women	bad
1509	http://dbpedia.org/resource/Species_II	bad
961	http://dbpedia.org/resource/After.Life	bad
376	http://dbpedia.org/resource/Safety_Not_Guaranteed	good
497	http://dbpedia.org/resource/Alice_and_Martin	good
165	http://dbpedia.org/resource/Wendy_and_Lucy	good
1505	http://dbpedia.org/resource/Gummo	bad
996	http://dbpedia.org/resource/Shottas	bad
1671	http://dbpedia.org/resource/Songs_from_the_Second_Floor	good
123	http://dbpedia.org/resource/One_Day_in_September	good
118	http://dbpedia.org/resource/Leaving_Las_Vegas	good
1949	http://dbpedia.org/resource/Jason_X	bad
1826	http://dbpedia.org/resource/Amelia_(film)	bad
912	http://dbpedia.org/resource/Cold_Creek_Manor	bad
1750	http://dbpedia.org/resource/Premium_Rush	good
928	http://dbpedia.org/resource/Miracle_at_St._Anna	bad
666	http://dbpedia.org/resource/Sky_Captain_and_the_World_of_Tomorrow	good
751	http://dbpedia.org/resource/The_Interpreter	good
415	http://dbpedia.org/resource/Real_Women_Have_Curves	good
117	http://dbpedia.org/resource/Late_Marriage	good
1400	http://dbpedia.org/resource/Here_on_Earth_(film)	bad
1178	http://dbpedia.org/resource/Black_Knight_(film)	bad
1780	http://dbpedia.org/resource/Dear_Frankie	good
416	http://dbpedia.org/resource/Robinson_in_Ruins	good
1772	http://dbpedia.org/resource/One_Hour_Photo	good
986	http://dbpedia.org/resource/Party_Monster_(2003_film)	bad
1015	http://dbpedia.org/resource/What_Happens_in_Vegas	bad
1344	http://dbpedia.org/resource/The_Hitcher_(2007_film)	bad
1007	http://dbpedia.org/resource/The_Reaping	bad
1444	http://dbpedia.org/resource/Darkness_Falls_(2003_film)	bad
1733	http://dbpedia.org/resource/Praying_with_Lior	good
1793	http://dbpedia.org/resource/Analyze_This	good
1740	http://dbpedia.org/resource/Fast_Times_at_Ridgemont_High	good
1086	http://dbpedia.org/resource/Excess_Baggage_(1997_film)	bad
1429	http://dbpedia.org/resource/Saw_3D	bad
893	http://dbpedia.org/resource/The_Life_Before_Her_Eyes	bad
506	http://dbpedia.org/resource/Four_Lions	good
1801	http://dbpedia.org/resource/Eating_Out_2:_Sloppy_Seconds	bad
1898	http://dbpedia.org/resource/Fix_(film)	bad
1538	http://dbpedia.org/resource/Prom_Night_(2008_film)	bad
1638	http://dbpedia.org/resource/Unforgiven	good
378	http://dbpedia.org/resource/Sleepless_in_Seattle	good
1837	http://dbpedia.org/resource/Shutter_(2008_film)	bad
255	http://dbpedia.org/resource/The_Original_Kings_of_Comedy	good
1635	http://dbpedia.org/resource/Tell_No_One	good
725	http://dbpedia.org/resource/Finding_Forrester	good
1534	http://dbpedia.org/resource/Extreme_Ops	bad
681	http://dbpedia.org/resource/Burn_After_Reading	good
477	http://dbpedia.org/resource/Kings_of_Pastry	good
1950	http://dbpedia.org/resource/License_to_Wed	bad
698	http://dbpedia.org/resource/Revenge_of_the_Electric_Car	good
1063	http://dbpedia.org/resource/Universal_Soldier_(1992_film)	bad
1803	http://dbpedia.org/resource/I_Love_Your_Work	bad
38	http://dbpedia.org/resource/The_Crying_Game	good
1328	http://dbpedia.org/resource/Deck_the_Halls_(2006_film)	bad
1033	http://dbpedia.org/resource/Hitman_(2007_film)	bad
1570	http://dbpedia.org/resource/The_Omega_Code	bad
488	http://dbpedia.org/resource/The_Elephant_in_the_Living_Room	good
340	http://dbpedia.org/resource/The_Cats_of_Mirikitani	good
532	http://dbpedia.org/resource/Berlin_Babylon	good
1905	http://dbpedia.org/resource/Slutty_Summer	bad
1676	http://dbpedia.org/resource/Down_from_the_Mountain	good
1032	http://dbpedia.org/resource/Hide_and_Seek_(2005_film)	bad
419	http://dbpedia.org/resource/Shadow_of_the_Vampire	good
156	http://dbpedia.org/resource/On_the_Ropes	good
1221	http://dbpedia.org/resource/An_American_Werewolf_in_Paris	bad
1182	http://dbpedia.org/resource/Chernobyl_Diaries	bad
562	http://dbpedia.org/resource/Bend_It_Like_Beckham	good
1445	http://dbpedia.org/resource/Deuce_Bigalow:_European_Gigolo	bad
1423	http://dbpedia.org/resource/Hollow_Man	bad
1430	http://dbpedia.org/resource/See_Spot_Run	bad
433	http://dbpedia.org/resource/Tropic_Thunder	good
273	http://dbpedia.org/resource/State_and_Main	good
855	http://dbpedia.org/resource/Backdraft_(film)	bad
1180	http://dbpedia.org/resource/Cassadaga_(film)	bad
1413	http://dbpedia.org/resource/The_Million_Dollar_Hotel	bad
1529	http://dbpedia.org/resource/Vampires_Suck	bad
233	http://dbpedia.org/resource/Djomeh	good
1310	http://dbpedia.org/resource/The_Amati_Girls	bad
1279	http://dbpedia.org/resource/The_Butterfly_Effect	bad
1061	http://dbpedia.org/resource/Transformers:_Revenge_of_the_Fallen	bad
775	http://dbpedia.org/resource/Dust_to_Glory	good
1817	http://dbpedia.org/resource/BASEketball	bad
1258	http://dbpedia.org/resource/American_Adobo	bad
648	http://dbpedia.org/resource/Examined_Life	good
1428	http://dbpedia.org/resource/Piranha_3DD	bad
1460	http://dbpedia.org/resource/Merci_Docteur_Rey	bad
337	http://dbpedia.org/resource/Super_Size_Me	good
311	http://dbpedia.org/resource/Terribly_Happy	good
635	http://dbpedia.org/resource/The_Providence_Effect	good
1515	http://dbpedia.org/resource/Boat_Trip_(film)	bad
1839	http://dbpedia.org/resource/Alpha_and_Omega_(film)	bad
620	http://dbpedia.org/resource/Mystery_Men	good
591	http://dbpedia.org/resource/Unsettled	good
1669	http://dbpedia.org/resource/Hoosiers	good
1626	http://dbpedia.org/resource/Ordinary_People	good
1020	http://dbpedia.org/resource/Bride_of_the_Wind	bad
1821	http://dbpedia.org/resource/The_Medallion	bad
424	http://dbpedia.org/resource/Star_Trek:_First_Contact	good
345	http://dbpedia.org/resource/The_Limey	good
766	http://dbpedia.org/resource/Arakimentari	good
988	http://dbpedia.org/resource/Poster_Boy_(film)	bad
1715	http://dbpedia.org/resource/Fado	good
1770	http://dbpedia.org/resource/Look_Both_Ways	good
1512	http://dbpedia.org/resource/Thomas_and_the_Magic_Railroad	bad
1811	http://dbpedia.org/resource/The_Sitter	bad
1078	http://dbpedia.org/resource/Crimewave	bad
1193	http://dbpedia.org/resource/Legion_(2010_film)	bad
1882	http://dbpedia.org/resource/54_(film)	bad
1643	http://dbpedia.org/resource/The_Simpsons_Movie	good
201	http://dbpedia.org/resource/The_Last_Mistress	good
1387	http://dbpedia.org/resource/Skyline_(film)	bad
1338	http://dbpedia.org/resource/Just_Married	bad
134	http://dbpedia.org/resource/Autumn_Tale	good
1895	http://dbpedia.org/resource/Bandido_(2004_film)	bad
78	http://dbpedia.org/resource/About_Schmidt	good
965	http://dbpedia.org/resource/Biker_Boyz	bad
1725	http://dbpedia.org/resource/Evil_Dead_II	good
1595	http://dbpedia.org/resource/Transylmania	bad
1148	http://dbpedia.org/resource/RV_(film)	bad
866	http://dbpedia.org/resource/Eragon_(film)	bad
541	http://dbpedia.org/resource/Fatal_Attraction	good
283	http://dbpedia.org/resource/The_Strange_Case_of_Angelica	good
1237	http://dbpedia.org/resource/Letters_to_God	bad
1085	http://dbpedia.org/resource/Even_Money_(film)	bad
754	http://dbpedia.org/resource/The_Man_Without_a_Face	good
498	http://dbpedia.org/resource/Apocalypto	good
569	http://dbpedia.org/resource/Let_the_Bullets_Fly	good
1105	http://dbpedia.org/resource/The_Messengers_(film)	bad
1627	http://dbpedia.org/resource/Paradise_Lost_3:_Purgatory	good
747	http://dbpedia.org/resource/The_First_Beautiful_Thing	good
1753	http://dbpedia.org/resource/Three..._Extremes	good
538	http://dbpedia.org/resource/Die_Hard_2	good
789	http://dbpedia.org/resource/Role_Models	good
1169	http://dbpedia.org/resource/Uptown_Girls	bad
306	http://dbpedia.org/resource/My_Kid_Could_Paint_That	good
455	http://dbpedia.org/resource/The_Last_Circus	good
1263	http://dbpedia.org/resource/Deuce_Bigalow:_Male_Gigolo	bad
501	http://dbpedia.org/resource/Born_Romantic	good
1102	http://dbpedia.org/resource/The_Back-up_Plan	bad
208	http://dbpedia.org/resource/Lone_Star_(1996_film)	good
633	http://dbpedia.org/resource/The_Imaginarium_of_Doctor_Parnassus	good
1743	http://dbpedia.org/resource/Mondovino	good
360	http://dbpedia.org/resource/Bowling_for_Columbine	good
899	http://dbpedia.org/resource/Trailer_Park_Boys:_The_Movie	bad
617	http://dbpedia.org/resource/Made_in_Dagenham	good
1931	http://dbpedia.org/resource/Beverly_Hills_Ninja	bad
1784	http://dbpedia.org/resource/Rumble_Fish	good
887	http://dbpedia.org/resource/Seeking_Justice	bad
59	http://dbpedia.org/resource/The_Spirit_of_the_Beehive	good
1049	http://dbpedia.org/resource/Scooby-Doo_(film)	bad
217	http://dbpedia.org/resource/Stephanie_Daley	good
656	http://dbpedia.org/resource/Killing_Them_Softly	good
967	http://dbpedia.org/resource/Buddy_Boy	bad
1904	http://dbpedia.org/resource/Perfect_Stranger_(film)	bad
908	http://dbpedia.org/resource/Another_Gay_Movie	bad
864	http://dbpedia.org/resource/Death_to_Smoochy	bad
1698	http://dbpedia.org/resource/Nowhere_in_Africa	good
1156	http://dbpedia.org/resource/The_Amityville_Horror_(2005_film)	bad
1431	http://dbpedia.org/resource/Stay_Alive	bad
247	http://dbpedia.org/resource/Silent_Souls	good
919	http://dbpedia.org/resource/Freddy_vs._Jason	bad
1894	http://dbpedia.org/resource/5_Days_of_War	bad
1231	http://dbpedia.org/resource/Hounddog_(film)	bad
97	http://dbpedia.org/resource/Position_Among_the_Stars	good
53	http://dbpedia.org/resource/Grizzly_Man	good
822	http://dbpedia.org/resource/From_Prada_to_Nada	bad
1010	http://dbpedia.org/resource/The_Tollbooth	bad
1468	http://dbpedia.org/resource/The_Bounty_Hunter_(2010_film)	bad
812	http://dbpedia.org/resource/Clash_of_the_Titans_(2010_film)	bad
1883	http://dbpedia.org/resource/Being_Human_(1994_film)	bad
418	http://dbpedia.org/resource/Separate_Lies	good
765	http://dbpedia.org/resource/African_Cats	good
820	http://dbpedia.org/resource/Fat_Albert_(film)	bad
1634	http://dbpedia.org/resource/Rachel_Getting_Married	good
717	http://dbpedia.org/resource/William_S._Burroughs:_A_Man_Within	good
1915	http://dbpedia.org/resource/Thirteen_Ghosts	bad
381	http://dbpedia.org/resource/Strictly_Ballroom	good
1613	http://dbpedia.org/resource/Finding_Nemo	good
484	http://dbpedia.org/resource/The_Big_Lebowski	good
680	http://dbpedia.org/resource/Alien:_Resurrection	good
1690	http://dbpedia.org/resource/The_City_of_Lost_Children	good
389	http://dbpedia.org/resource/Tiny_Furniture	good
673	http://dbpedia.org/resource/The_Mystic_Masseur	good
1581	http://dbpedia.org/resource/Zombie!_vs._Mardi_Gras	bad
695	http://dbpedia.org/resource/Pirates_of_the_Caribbean:_The_Curse_of_the_Black_Pearl	good
678	http://dbpedia.org/resource/A_Common_Thread	good
393	http://dbpedia.org/resource/Battle_for_Brooklyn	good
1051	http://dbpedia.org/resource/Star_Wars:_The_Clone_Wars_(film)	bad
171	http://dbpedia.org/resource/Sexy_Beast	good
1813	http://dbpedia.org/resource/Virtuosity	bad
785	http://dbpedia.org/resource/Matchstick_Men	good
350	http://dbpedia.org/resource/Tokyo_Godfathers	good
204	http://dbpedia.org/resource/The_Taste_of_Others	good
1727	http://dbpedia.org/resource/Monsieur_Ibrahim	good
344	http://dbpedia.org/resource/The_House_of_the_Devil	good
544	http://dbpedia.org/resource/Forgetting_Sarah_Marshall	good
1216	http://dbpedia.org/resource/UHF_(film)	bad
1702	http://dbpedia.org/resource/Aliens_of_the_Deep	good
1986	http://dbpedia.org/resource/Epic_Movie	bad
1734	http://dbpedia.org/resource/Purple_Butterfly	good
1341	http://dbpedia.org/resource/Stigmata_(film)	bad
1625	http://dbpedia.org/resource/This_Is_England	good
1022	http://dbpedia.org/resource/Dreamcatcher_(2003_film)	bad
1488	http://dbpedia.org/resource/Branded_(2012_film)	bad
164	http://dbpedia.org/resource/Tony_Takitani	good
1979	http://dbpedia.org/resource/The_Last_Airbender	bad
1153	http://dbpedia.org/resource/Sucker_Punch_(2011_film)	bad
1992	http://dbpedia.org/resource/Disaster_Movie	bad
1805	http://dbpedia.org/resource/National_Treasure_(film)	bad
530	http://dbpedia.org/resource/As_Good_as_It_Gets	good
1977	http://dbpedia.org/resource/Son_of_the_Mask	bad
586	http://dbpedia.org/resource/Trembling_Before_G-d	good
1195	http://dbpedia.org/resource/My_Big_Fat_Independent_Movie	bad
1252	http://dbpedia.org/resource/The_Mummy:_Tomb_of_the_Dragon_Emperor	bad
1996	http://dbpedia.org/resource/Freddy_Got_Fingered	bad
428	http://dbpedia.org/resource/The_Good_Girl	good
931	http://dbpedia.org/resource/Reindeer_Games	bad
1332	http://dbpedia.org/resource/Gentlemen_Broncos	bad
1861	http://dbpedia.org/resource/Arise_(film)	bad
1248	http://dbpedia.org/resource/Surveillance_(2008_film)	bad
835	http://dbpedia.org/resource/Planet_51	bad
732	http://dbpedia.org/resource/I_Sell_the_Dead	good
1088	http://dbpedia.org/resource/Ghosts_of_Girlfriends_Past	bad
1317	http://dbpedia.org/resource/The_Texas_Chainsaw_Massacre:_The_Beginning	bad
1773	http://dbpedia.org/resource/Shortbus	good
1223	http://dbpedia.org/resource/Battlefield_America	bad
944	http://dbpedia.org/resource/The_Last_Sin_Eater_(film)	bad
169	http://dbpedia.org/resource/Manufactured_Landscapes	good
1982	http://dbpedia.org/resource/To_Save_a_Life	bad
522	http://dbpedia.org/resource/The_Valet	good
329	http://dbpedia.org/resource/Heathers	good
403	http://dbpedia.org/resource/Intolerable_Cruelty	good
567	http://dbpedia.org/resource/Hermanas	good
865	http://dbpedia.org/resource/DOA:_Dead_or_Alive	bad
1302	http://dbpedia.org/resource/New_in_Town	bad
780	http://dbpedia.org/resource/Hair_High	good
1489	http://dbpedia.org/resource/Corky_Romano	bad
818	http://dbpedia.org/resource/Exit_Wounds	bad
480	http://dbpedia.org/resource/Space_Station_3D	good
585	http://dbpedia.org/resource/Trading_Places	good
768	http://dbpedia.org/resource/Best_Worst_Movie	good
1547	http://dbpedia.org/resource/I_Know_Who_Killed_Me	bad
684	http://dbpedia.org/resource/Everything_Put_Together	good
577	http://dbpedia.org/resource/Sherrybaby	good
385	http://dbpedia.org/resource/The_Island_President	good
1932	http://dbpedia.org/resource/Crossroads_(2002_film)	bad
1807	http://dbpedia.org/resource/Nights_in_Rodanthe	bad
1688	http://dbpedia.org/resource/Laurence_Anyways	good
243	http://dbpedia.org/resource/Princess_Mononoke	good
521	http://dbpedia.org/resource/The_Secret_Life_of_Words	good
1206	http://dbpedia.org/resource/Spice_World_(film)	bad
221	http://dbpedia.org/resource/The_Usual_Suspects	good
7	http://dbpedia.org/resource/Gravity_(film)	good
1695	http://dbpedia.org/resource/The_Raid:_Redemption	good
719	http://dbpedia.org/resource/A_Few_Good_Men	good
39	http://dbpedia.org/resource/The_Incredibles	good
390	http://dbpedia.org/resource/Walk_the_Line	good
756	http://dbpedia.org/resource/The_Mudge_Boy	good
1513	http://dbpedia.org/resource/Underclassman	bad
1899	http://dbpedia.org/resource/Gossip_(2000_American_film)	bad
1659	http://dbpedia.org/resource/China_Heavyweight	good
960	http://dbpedia.org/resource/A_Man_Apart	bad
1862	http://dbpedia.org/resource/Broken_Sky_(film)	bad
500	http://dbpedia.org/resource/Big_River_Man	good
1544	http://dbpedia.org/resource/Deuces_Wild	bad
1082	http://dbpedia.org/resource/Demolition_Man_(film)	bad
679	http://dbpedia.org/resource/A_Perfect_Getaway	good
1259	http://dbpedia.org/resource/American_Virgin_(2000_film)	bad
1997	http://dbpedia.org/resource/Strange_Wilderness	bad
1943	http://dbpedia.org/resource/Waiting_for_Forever	bad
1881	http://dbpedia.org/resource/The_Haunted_Mansion_(film)	bad
367	http://dbpedia.org/resource/Journey_to_the_Sun	good
1129	http://dbpedia.org/resource/High_School_High	bad
1191	http://dbpedia.org/resource/Land_of_the_Blind	bad
690	http://dbpedia.org/resource/Kit_Kittredge:_An_American_Girl	good
1533	http://dbpedia.org/resource/Delta_Farce	bad
1732	http://dbpedia.org/resource/Jump_Tomorrow	good
414	http://dbpedia.org/resource/Rare_Exports:_A_Christmas_Tale	good
1630	http://dbpedia.org/resource/The_Descendants	good
821	http://dbpedia.org/resource/Forgiveness_(2008_film)	bad
494	http://dbpedia.org/resource/Wilbur_Wants_to_Kill_Himself	good
1100	http://dbpedia.org/resource/Tamara_(2005_film)	bad
119	http://dbpedia.org/resource/Mademoiselle_Chambon	good
285	http://dbpedia.org/resource/The_Witnesses	good
1755	http://dbpedia.org/resource/Bottle_Rocket	good
1849	http://dbpedia.org/resource/Lady_in_the_Water	bad
324	http://dbpedia.org/resource/Bull_Durham	good
152	http://dbpedia.org/resource/Everlasting_Moments	good
153	http://dbpedia.org/resource/Goodbye_First_Love	good
249	http://dbpedia.org/resource/The_Army_of_Crime	good
307	http://dbpedia.org/resource/Oldboy_(2003_film)	good
904	http://dbpedia.org/resource/Ace_Ventura:_Pet_Detective	bad
927	http://dbpedia.org/resource/Made_of_Honor	bad
32	http://dbpedia.org/resource/American_Hustle	good
523	http://dbpedia.org/resource/The_War_Zone	good
784	http://dbpedia.org/resource/Lower_City	good
269	http://dbpedia.org/resource/Pistol_Opera	good
409	http://dbpedia.org/resource/Next_Stop_Wonderland	good
1566	http://dbpedia.org/resource/I_Woke_Up_Early_The_Day_I_Died	bad
815	http://dbpedia.org/resource/Dirty_Dancing:_Havana_Nights	bad
1703	http://dbpedia.org/resource/All_the_Real_Girls	good
462	http://dbpedia.org/resource/Unstrung_Heroes	good
57	http://dbpedia.org/resource/Superman_II	good
1071	http://dbpedia.org/resource/15_Minutes	bad
1490	http://dbpedia.org/resource/Expelled:_No_Intelligence_Allowed	bad
1351	http://dbpedia.org/resource/Coyote_Ugly_(film)	bad
366	http://dbpedia.org/resource/Jack_Smith_and_the_Destruction_of_Atlantis	good
589	http://dbpedia.org/resource/Two_Women	good
1719	http://dbpedia.org/resource/The_Forsaken_Land	good
1563	http://dbpedia.org/resource/Dungeons_&_Dragons_(film)	bad
388	http://dbpedia.org/resource/The_Woodsman	good
1675	http://dbpedia.org/resource/Bulworth	good
457	http://dbpedia.org/resource/The_Spanish_Prisoner	good
146	http://dbpedia.org/resource/Of_Time_and_the_City	good
1319	http://dbpedia.org/resource/Without_a_Paddle	bad
461	http://dbpedia.org/resource/Twist_of_Faith	good
1242	http://dbpedia.org/resource/New_Rose_Hotel_(film)	bad
1778	http://dbpedia.org/resource/A_State_of_Mind	good
1691	http://dbpedia.org/resource/The_Forgiveness_of_Blood	good
160	http://dbpedia.org/resource/The_Turin_Horse	good
1127	http://dbpedia.org/resource/Equilibrium_(film)	bad
315	http://dbpedia.org/resource/ABC_Africa	good
1922	http://dbpedia.org/resource/Mercy_Streets	bad
1035	http://dbpedia.org/resource/I_Spy_(film)	bad
210	http://dbpedia.org/resource/A_Single_Man	good
1113	http://dbpedia.org/resource/200_Cigarettes	bad
707	http://dbpedia.org/resource/The_Parking_Lot_Movie	good
209	http://dbpedia.org/resource/A_Christmas_Story	good
1446	http://dbpedia.org/resource/Furry_Vengeance	bad
1396	http://dbpedia.org/resource/Case_39	bad
1885	http://dbpedia.org/resource/Confessions_of_a_Teenage_Drama_Queen	bad
1365	http://dbpedia.org/resource/The_Flintstones_in_Viva_Rock_Vegas	bad
646	http://dbpedia.org/resource/Dreams_with_Sharp_Teeth	good
998	http://dbpedia.org/resource/Something_Borrowed_(film)	bad
1349	http://dbpedia.org/resource/Wildflowers_(film)	bad
374	http://dbpedia.org/resource/Phil_Ochs:_There_but_for_Fortune	good
447	http://dbpedia.org/resource/Prisoner_of_Paradise	good
830	http://dbpedia.org/resource/Man_of_the_Year_(2006_film)	bad
1271	http://dbpedia.org/resource/Marmaduke_(film)	bad
168	http://dbpedia.org/resource/Joe_Strummer:_The_Future_Is_Unwritten	good
294	http://dbpedia.org/resource/Found_Memories	good
